-- Наполнение
USE airbnb;
SET foreign_key_checks = 0;

INSERT users(firstname, lastname, birthday, hometown, gender, email, phone, emergency_contact_name, emergency_contact_phone, password_hash, photo_id)
	VALUES
		('Sally', 'Conner', '1985-08-12', 'Kazan', 'f', 'nguyentanquan78@mexcool.com', '61485813567', 'Steve', '93763554', 'o8i7u6y5t4retyue', 1),
		('Jeffrey', 'Cooper', '1990-06-21', 'Moscow', 'm', 'mennob@cuendita.com', '78849038834', 'Ivan', '965432800', '0987uyhgnjkiu76', 2),
		('Eugene', 'Buchanan', '2017-03-26', 'New York', 'm', 'rwchitale@77q8m.com', '7477898093', 'Katya', '9876646463', '98urjheydusJe', 3),
		('Seth', 'Rodriguez', '1991-02-18', 'Denver', 'm', 'azhdeen6@gmailya.com', '478290202', 'Mark', '1477365540', '098iu3j4erkdfuiyt', 4),
		('Danny', 'Burgess', '1994-03-07', 'Samara', 'f', 'normitacony18@gmailvn.net', '8377625222', 'Maya', '48736465783', '908uijhwedsuy', 5),
		('Eduardo', 'Byrd', '1995-11-14', 'London', 'm', 'ordspil@btcmod.com', '56790234555', 'Max', '8463553859', 'saoiewkjrmnfjkch345', 6),
		('Donna', 'Jackson', '1990-03-09', 'Budapest', 'f', 'seven38seven@hasevo.com', '98776221323', 'Adel', '873552568', '098uijhkiuytr', 7),
		('Jerry', 'Johnson', '1991-01-10', 'Paris', 'm', 'enemy333@readq.site', '64629012344', 'Raya', '98765432', 'm,kjiu765tredfc', 8),
		('Michelle', 'Carroll', '1985-03-25', 'Chicago', 'f', 'oooskyline@mexcool.com', '72555223994', 'Reuben', '45678987654', '987uyhnmjkuiytr', 9),
		('Virgil', 'Gardner', '1989-12-10', 'Dubai', 'f', 'sablan23@notvn.com', '355255422', 'Steve', '4567898765', ';loiuy65trfg', 10),
		('Katherine', 'Sanchez', '1988-08-16', 'Saint Petersburg', 'f', 'catadrom@howtc.site', '87876525522', 'Sergey', '23456543', '0987uyjhkuiytr', 11),
		('Shirley', 'Marshall', '1971-06-07', 'Kaluga', 'f', 'randfc@ucyeh.com', '7566255263', 'Oleg', '2349875', '9087u6yhjuytr', 12),
		('Chris', 'Hoffman', '1968-05-20', 'Sochi', 'm', 'pbiz@howtc.site', '3657895933', 'Julia', '523456098', '09854rtfgdruyhgfrte56', 13),
		('Terry', 'Baker', '1991-02-15', 'Denver', 'm', 'kkeshler@vps-hi.com', '8465242222', 'Oksana', '737366583', '436e7tqywghj3whero', 14),
		('Vicki', 'Todd', '1998-12-20', 'Budapest', 'f', 'end292cut6@hengshuhan.com', '46335662892', 'Tatiana', '973653522', '897yuhjrkjdfou', 15),
		('Stephen', 'Pierce', '1992-03-28', 'Muscat', 'm', 'lomakinaek@emvil.com', '18365243', 'Rezo', '876535683', 'kio87yihj3bmewndo', 16),
		('Karen', 'Hill', '1974-11-13', 'Kazan', 'f', 'loashaprpao@litm.site', '29798464', 'Teona', '30495738', 'mklio8976yutgh', 17),
		('Raymond', 'Collins', '1995-12-01', 'Kazan', 'm', 'robertklimontov@yaachea.com', '57238853', 'Victor', '8726646372', 'mjkiu87uyjhkou97', 18),
		('Raymond', 'Collins', '1980-10-22', 'Murom', 'm', 'a396yb83@ffo.kr', '67365426893', 'Lara', '84776365758', 'mjkiu7865yfe64', 19),
		('Rita', 'Wallace', '1960-03-19', 'Berlin', 'f', 'chrissyangel@ffo.kr', '147999399220', 'Inga', '774626527', 'jki8764ede534657ui', 20);
	
INSERT host_profile(user_id, superhost, rental_id, description)
		VALUES
			(2, 1, 21, 'Iure iusto consequuntur et earum. Quia sed veritatis autem nobis. Veniam ea ipsam quaerat excepturi non quidem. Harum nisi quis provident nostrum.'),
			(4, 1, 22, 'Molestiae aspernatur quibusdam adipisci et delectus aliquam neque. Dolore vel dolor natus eum. Iusto et vel amet pariatur qui qui eveniet ea.'),
			(6, 0, 23, 'Molestiae minus incidunt est perferendis non reprehenderit dicta. Id ut iusto dolores blanditiis voluptatem qui. Doloremque voluptate aliquam inventore ut. Eius atque quod quis voluptatem qui dolorum.'),
			(8, 1, 24, 'Delectus est eius quis incidunt inventore. Natus iste consequatur facilis possimus non at.'),
			(10, 0, 25, 'Hic labore ducimus vel sunt ut. Sapiente sed eum in assumenda. Odio ut enim enim id possimus. Sint veniam nisi tenetur quae.'),
			(12, 0, 26, 'Dolor eum inventore nulla ex laboriosam. Debitis quibusdam in et. Et laborum dicta blanditiis qui cumque.'),
			(14, 1, 27, 'Quo ut explicabo officia est at. Enim minus maxime delectus aut accusantium ut. Eveniet quo optio ut fuga consectetur. Autem suscipit omnis dolore a fugiat ad.'),
			(16, 0, 28, 'Atque dolores nulla iure omnis sed reprehenderit molestias vero. Consequatur inventore quia et rerum delectus rerum laborum. Quidem officia praesentium quidem. Sed aut consequatur et atque magnam ex quia. Suscipit quia iure sunt.'),
			(18, 1, 29, 'Labore cumque aut dolorem molestiae porro. Optio expedita et et reiciendis eum. Facilis iure rerum aliquam asperiores sequi.'),
			(20, 0, 30, 'Ipsam quasi non adipisci fugit sunt. Eos id sed aut quas exercitationem nesciunt et quos. Rem hic rerum delectus vel ex quisquam doloremque. Unde ea velit vero id.');
		
INSERT organizer_profile(user_id, description)
		VALUES
			(1, 'Iste numquam et est et. Corporis vitae enim culpa neque exercitationem.'),
			(3, 'Et aliquid quasi quia voluptas qui. Alias qui omnis tenetur. Iusto minus rerum corporis quis consectetur. Enim delectus quibusdam accusantium ad voluptatem unde mollitia.'),
			(6, 'Ex cumque eligendi eius nisi. Quas cumque sit molestiae deserunt velit ut est. Suscipit dolores voluptate nemo tenetur occaecati harum cumque. Et voluptatem distinctio soluta hic iusto.'),
			(9, 'Eveniet excepturi soluta quibusdam odio cupiditate. Omnis placeat mollitia et dolor et autem at porro. Consectetur alias dolorum deserunt. Fugit cum tenetur aliquam. Dicta ea magni optio iure similique asperiores.'),
			(10, 'Nemo animi aut nesciunt voluptatem. Esse expedita atque excepturi assumenda est rerum. Sit amet quaerat vel non. Ut ab atque quisquam non nihil.'),
			(11, 'Perferendis veritatis fugit et qui minima enim. Aspernatur sapiente suscipit officia.'),
			(13, 'Dolorum dolor et enim optio blanditiis et necessitatibus. Iusto dolores iusto sed tempora minus aut. Quae culpa explicabo et et iusto magnam.'),
			(15, 'Dolorum pariatur beatae doloremque. Cum illo totam quidem est nulla dolores sunt. Voluptas beatae omnis magni ipsum nulla rerum modi.'),
			(17, 'Officia incidunt eos harum ea. Assumenda ab ut odit vitae magnam. Et voluptatum aliquam et illo expedita.'),
			(19, 'Voluptatem non non quia id. Aut consectetur quis et ab reprehenderit. Ut explicabo accusamus culpa in sed. Et ut nostrum consectetur dolor.');
		
INSERT countries(name)
		VALUES
			('Russia'),
			('Hungary'),
			('United Kingdom'),
			('France'),
			('United States of America'),
			('United Arab Emirates'),
			('Poland'),
			('Germany'),
			('China'),
			('Oman'),
			('Malta'),
			('Thailand'),
			('India'),
			('Czech Republic'),
			('Croatia'),
			('Israel'),
			('Iceland'),
			('Slovakia'),
			('Austria'),
			('Ukraine'),
			('Maldives'),
			('Egypt'),
			('Turkey'),
			('Italy'),
			('Morocco');

INSERT cities(name, country_id)
		VALUES
			('Kazan', 1),
			('Saint Petersburg', 1),
			('Kaluga', 1),
			('Samara', 1),
			('Murom', 1),
			('Moscow', 1),
			('Sochi', 1),
			('Budapest', 2),
			('Szeged', 2),
			('London', 3),
			('Birmingham', 3),
			('Paris', 4),
			('Bordeaux', 4),
			('New York', 5),
			('Chicago', 5),
			('Denver', 5),
			('Dubai', 6),
			('Abu Dhabi', 6),
			('Warsaw', 7),
			('Krakow', 7),
			('Berlin', 8),
			('Munich', 8),
			('Beijing', 9),
			('Shanghai', 9),
			('Muscat', 10),
			('Mutrah', 10),
			('Valetta', 11),
			('Bangkok', 12),
			('Phuket', 12),
			('Mumbai', 13),
			('Bengaluru', 13),
			('Prague', 14),
			('Brno', 14),
			('Dubrovnik', 15),
			('Split', 15),
			('Tel Aviv', 16),
			('Jerusalem', 16),
			('Reykjavik', 17),
			('Kiyv', 20),
			('Odessa', 20);
		
INSERT districts(name, city_id)
		VALUES
			('Aviastroitelny', 1),
			('Vakhitovsky', 1),
			('Kirovsky', 1),
			('Moskovsky', 1),
			('Admiraltejskij', 2),
			('Centralnyj', 2),
			('Frunzenskij', 2),
			('Babyninsky', 3),
			('Baryatinsky', 3),
			('Borovsky', 3),
			('Sovetsky City', 4),
			('Central', 5),
			('Arbat', 6),
			('Basmanny', 6),
			('Khamovniki', 6),
			('Krasnoselsky', 6),
			('Tsentralny', 7),
			('Adlersky', 7),
			('District I', 8),
			('District II', 8),
			('District III', 8),
			('District IV', 8),
			('District V', 9),
			('Central', 10),
			('Whitehall', 11),
			('Piccadilly', 11),
			('Bloomsbury', 11),
			('Acocks Green', 12),
			('Ashted', 12),
			('Aston', 12),
			('Nebraska', 15),
			('Maine', 15),
			('Arizona', 20),
			('Mississipp', 19),
			('Pennsylvan', 16),
			('Wyoming', 15),
			('Illinois', 18),
			('SouthDakot', 16),
			('Alabama', 13),
			('Texas', 14),
			('California', 17),
			('Delaware', 14),
			('Mississipp', 19),
			('Michigan', 19),
			('Montana', 17),
			('Louisiana', 14),
			('Alaska', 14),
			('Utah', 16),
			('District o', 13);
		
INSERT apartments(photo_id, city, district, address, type_of_apartment, rooms, description, price, host_id)
	VALUES
		(31, 2, 5, '12754 Mayer Way', 'shared room', '6', 'Est vero quae perferendis dolores veritatis ullam quas. Quis consectetur a explicabo et ducimus ea error. Cupiditate nesciunt fuga similique repellat ut tempore magnam autem.', 1500, 2),
		(32, 4, 11, '22080 Cortney Ramp Suite 070', 'entire place', '10', 'Explicabo sequi mollitia rerum veritatis molestias dolor. Temporibus eius aut iure eum earum eligendi. Quo aut molestias quaerat nihil aliquid quia aut eos.', 2700, 4),
		(33, 5, 12, '341 Beer Circles', 'shared room', '6', 'Nihil voluptas qui non. Sunt aut quisquam ipsam eos. Necessitatibus cumque quos corrupti delectus eius.', 7000, 6),
		(34, 7, 18, '426 OConner Coves Apt. 063', 'private room', '5', 'Eaque necessitatibus non tenetur similique nihil accusantium illum. Cum nobis blanditiis hic laborum commodi qui et. Quisquam quibusdam quisquam dolor in et officia ut.', 10000, 6),
		(35, 9, 23, '443 Kub Spurs', 'shared room', '4', 'Qui ut rem sit eum ut sed quaerat. Nobis et culpa omnis sit et. Magni aspernatur id libero doloribus aut. Quae velit cupiditate commodi dolorem.', 2300, 8),
		(36, 10, 24, '440 Runolfsdottir Court', 'hotel room', '6', 'Aperiam nemo eos et dolores repellendus et enim. Ea maxime dolor voluptatem. Laboriosam quam est ipsam molestiae officia fuga similique.', 7450, 2),
		(37, 12, 30, '1728 David Trail', 'hotel room', '4', 'Quia quis quidem rerum et illum eveniet dolore aperiam. Quod ea expedita numquam ipsum tempore et aut sequi. Quia ea itaque quos doloribus. Mollitia est quia officiis ad labore adipisci id.', 9400, 8),
		(38, 15, 36, '763 Corkery Corners', 'shared room', '3', 'Porro aut asperiores beatae aliquid odit consequuntur. Id corrupti nostrum eum velit saepe est. Dolores et fugit qui.', 8900, 10),
		(39, 16, 35, '337 Wolf Junction', 'shared room', '2', 'Mollitia repudiandae incidunt sint velit et. Vitae quis ut aliquam similique et ratione. Ipsa facere consequatur laboriosam.', 14000, 12),
		(40, 17, 41, '35894 Hermiston Crest Apt. 578', 'hotel room', '3', 'Suscipit eaque est officiis quia. Nam temporibus ullam voluptatibus veniam molestiae natus ratione eveniet. Repellat aspernatur animi nemo. Quisquam quis et ullam in.', 6900, 14),
		(41, 19, 43, '1925 Marquardt Plains Suite 975', 'entire place', '8', 'Repellendus voluptatum ea itaque non et corporis. Molestiae voluptate veniam rerum eligendi et aut non maxime. Inventore ex enim aspernatur rerum minima aut in. Aliquid voluptate voluptatem recusandae recusandae libero deserunt.', 4300, 16),
		(42, 1, 1, '0179 Emmalee Park Suite 713', 'entire place', '10', 'Necessitatibus ut iste consectetur tenetur iusto doloribus voluptas. Sequi officia repellat sequi officia architecto. Dolorum in ipsum ipsum odio mollitia veniam nemo eligendi.', 5400, 16),
		(43, 2, 7, '448 Charlotte Fort Apt. 691', 'hotel room', '2', 'Tempora sint omnis aut id quos necessitatibus itaque. Consequatur aut reprehenderit sapiente voluptatem sit. Iste in nulla omnis tempora.', 13200, 18),
		(44, 3, 9, '99580 Donnelly Valleys', 'entire place', '1', 'Rerum sit dolor quod omnis possimus earum sed et. Quis eligendi quis aut sint. Sit exercitationem necessitatibus quis ullam. Ut reiciendis voluptatibus rerum vel aut.', 9900, 20),
		(45, 3, 8, '035 Lenore Lock Suite 641', 'entire place', '2', 'Id ipsam sit voluptatem ipsa numquam. Mollitia doloremque fugiat quia ut reprehenderit facere dolorum ratione. Illum ut omnis omnis aut quia alias.', 2700, 2),
		(46, 6, 15, '599 Rosetta Manor Apt. 938', 'hotel room', '2', 'Voluptate dicta soluta similique laudantium ea. Ex rerum aut quo et maxime delectus perferendis. Eveniet sit nobis et iste. Autem quia soluta aut deserunt ut.', 6100, 4),
		(47, 8, 20, '400 Mervin Dale', 'shared room', '6', 'Quia dolorem excepturi sed similique. Illo aut occaecati qui et. Dolor ipsa a deleniti eum dolores.', 5120, 6),
		(48, 8, 19, '06171 Ellsworth Parks', 'shared room', '1', 'Soluta sapiente optio sint. Labore ullam quia labore atque autem enim voluptatem.', 12100, 8),
		(49, 11, 25, '1226 Torp Points Suite 604', 'private room', '2', 'Soluta quam veritatis ullam reprehenderit. Eum consequatur reiciendis reiciendis maxime id deserunt maiores. Porro ut ex quae tenetur. Quis aut et modi ut doloremque beatae sit dolores.', 1470, 10),
		(50, 11, 26, '50732 Von Isle Suite 677', 'private room', '5', 'Recusandae molestiae facere possimus a tenetur minus. Quibusdam ab sit fugiat nemo deleniti et voluptatem. Iusto et maiores harum et quidem.', 4370, 12),
		(51, 12, 28, '5029 Ludwig Square Apt. 214', 'private room', '6', 'Explicabo quia modi est ut. Esse in non officiis facilis aliquam tempore est. Officia tenetur molestias consequatur eaque quasi illo odit.', 5900, 14);
		
	
INSERT reviews(from_user, to_aparts, review_text, rating)
	VALUES
		(18, 8, 'Ut ipsam suscipit possimus fugiat modi eos porro. Enim optio culpa vel esse non. Optio distinctio vel voluptas nulla.', 3),
		(7, 6, 'Sit vel harum voluptatem perspiciatis a. Pariatur omnis occaecati laudantium iste voluptatum similique officiis. Incidunt eaque quas voluptas tempora.', 4),
		(14, 15, 'Est labore neque in beatae eligendi aut et id. Quod officiis et veniam architecto sit. Est dicta non possimus aperiam numquam aut.', 5),
		(1, 17, 'Ullam adipisci quam accusantium quia in iusto nam fuga. Nesciunt hic tenetur est quis. Consectetur reprehenderit delectus ullam consequatur vitae nemo. A eveniet sed sed repudiandae inventore.', 4),
		(2, 6, 'Molestias non velit sed. Natus ut quasi ipsa alias sit. Unde placeat expedita sed nemo. Non iusto totam et et in.', 4),
		(14, 10, 'Quis eos quisquam velit dolorem id cupiditate. Excepturi architecto necessitatibus quod repudiandae rerum. Et sunt veniam qui accusantium. Et id ipsum rem at magnam.', 4),
		(11, 8, 'Quo magni id iusto et est deleniti ratione. Dolor distinctio molestiae consequatur voluptatum. Nisi dignissimos magni cum quas omnis nostrum magnam quia.', 1),
		(19, 7, 'Qui cupiditate quia quis rerum debitis. Et impedit natus dolorem et. Suscipit vel sapiente maxime voluptates.', 2),
		(9, 3, 'Ipsum enim nesciunt incidunt quo architecto quo. Facere error totam magnam. Labore sit quo eveniet voluptatem accusamus accusamus cumque. Sint maxime at aut commodi consequatur non placeat.', 2),
		(13, 5, 'Ea omnis qui et. Repellat nam quo voluptatem consectetur ea. Iure qui accusamus necessitatibus sint nihil nam praesentium.', 5),
		(11, 13, 'Deserunt vero et molestias iusto qui modi. Id officia dolor adipisci numquam placeat. Sint adipisci nemo voluptas eum odit nisi. Sapiente dolor dolores iusto et officiis voluptates possimus.', 1),
		(14, 15, 'Velit et voluptatem qui aut voluptatem et. Blanditiis sunt non tenetur. Sit fuga eum et id. Itaque doloremque nihil necessitatibus quia. Alias corrupti porro et id.', 2),
		(12, 5, 'Illo et possimus blanditiis tempora non. Earum sapiente ad itaque repudiandae qui. Repudiandae fugiat deleniti temporibus. Id aut vel id.', 4),
		(15, 6, 'Non itaque adipisci rerum est. Eligendi quis et tempora at et quo ipsam. Adipisci harum libero porro eveniet consectetur.', 3),
		(6, 2, 'Molestiae hic reprehenderit magni explicabo beatae quia recusandae rem. Quia dolor et quibusdam asperiores qui eum. Dignissimos neque minus illo non eaque aut pariatur. Voluptatem qui quibusdam modi.', 5);


INSERT media_types(media_type)
	VALUES
		('user_photo'),
		('documents'),
		('apartments_photo'),
		('articles_photo');
	
INSERT media(mediatype_id, user_id, body, filename)
	VALUES
		(1, 1, 'Doloribus perspiciatis hic qui enim asperiores commodi. Architecto ab et dolore saepe dolores rerum minima. Libero consequatur quia maiores qui. Dolor temporibus nemo aut consequatur.', 'nulla'),
		(1, 2, 'Id nulla sint id sit quae ex voluptatem omnis. Commodi eum recusandae exercitationem numquam non deserunt sit.', 'magnam'),
		(1, 3, 'Commodi quaerat et impedit odio facere mollitia. Sunt quo odio et aut illo animi sapiente. Et neque atque ratione ratione dicta qui maxime. Eum deserunt aliquid ipsum reiciendis id.', 'omnis'),
		(1, 4, 'Magni quasi voluptatem voluptatum iure hic. Et temporibus et aut deserunt aperiam tenetur. Porro reprehenderit non dignissimos quia blanditiis amet. Qui omnis culpa expedita vero.', 'distinctio'),
		(1, 5, 'Adipisci est et quod harum. Recusandae iste placeat nisi est assumenda officia. Voluptatem excepturi modi pariatur et doloremque doloremque.', 'ullam'),
		(1, 6, 'Amet et a vel atque nisi repellendus. Sit ex deserunt cumque ea doloremque quia dolorem. Dolore aut nostrum sed et labore. Quia quo dolorum dolor.', 'alias'),
		(1, 7, 'Natus facere eveniet dolore ea. Itaque labore sapiente in autem molestias quia et quo. Voluptas amet rerum voluptatem numquam aut voluptatem omnis. Assumenda qui tempore neque quae nemo et fuga.', 'minus'),
		(1, 8, 'Quis et occaecati voluptate eligendi dolor mollitia nihil. Iure delectus voluptatibus consectetur iusto est nostrum. Similique et magni et iure et. Est et eligendi enim voluptas sapiente. Exercitationem illo non voluptas in veritatis est.', 'nihil'),
		(1, 9, 'Non et non repellat recusandae. Fugiat nemo et aut a quia. Error ducimus perferendis sunt blanditiis quidem illo quo.', 'assumenda'),
		(1, 10, 'Quia et non est porro sit. Est corporis consequatur quibusdam sed eos aliquam totam. Iste quod sint animi quis dolore odio aut. Quis id aut nihil et assumenda illum quisquam architecto.', 'debitis'),
		(1, 11, 'Doloremque vitae beatae aperiam doloremque ipsa sunt. Cum harum itaque earum aperiam. Omnis ut minima aut recusandae voluptas.', 'et'),
		(1, 12, 'Iusto rerum velit ipsam aliquam nihil. Vitae natus at dolore ad vitae voluptas. Fuga dolor quia inventore expedita.', 'minima'),
		(1, 13, 'Aut pariatur eveniet non esse fuga. Ut occaecati temporibus officiis ipsa voluptatem.', 'ea'),
		(1, 14, 'Ut quibusdam iusto quisquam rem repudiandae tempore omnis. Reiciendis libero alias sequi vitae architecto ut odit. Tempora amet quae quia quae id excepturi.', 'ipsam'),
		(1, 15, 'Velit cumque facere eligendi consequatur quia. Aut eum aut quos sit vero dolor. Consectetur aliquam aut nostrum sunt accusamus voluptatem maiores. Distinctio eum qui natus nobis vel est tempore.', 'att'),
		(1, 16, 'Expedita non reiciendis rerum consectetur placeat eum. Aut qui nulla omnis ad. Et consequatur assumenda cupiditate doloribus. Ipsam nihil accusamus impedit quia.', 'repellendus'),
		(1, 17, 'Et repudiandae quis ut rem ipsa. Quia sed eius perferendis fugiat. Laudantium ut sint voluptatem veniam vitae molestiae amet.', 'quis'),
		(1, 18, 'Eius quam fuga debitis autem. Velit molestiae iure ut facilis sunt. Distinctio reiciendis ipsum qui aut. Molestiae sunt et libero sint.', 'voluptatem'),
		(1, 19, 'Et voluptatem cum quo molestiae architecto in quas. Ipsam voluptas accusamus nobis voluptatem dolores accusamus. Soluta iusto iste quos labore accusamus modi.', 'earum'),
		(1, 20, 'Facilis ad dolor vitae consequatur iure. Voluptatibus iste quaerat modi magnam sed numquam. Officiis vitae impedit eos sit repellendus aut saepe quia.', 'adipisci'),
		(2, 2, 'Rerum maxime aut sint ab eum minima. Et recusandae sint qui assumenda voluptatem aspernatur. Ut quaerat neque placeat voluptatem beatae modi. Aut tenetur minus quibusdam ex.', 'non'),
		(2, 4, 'Qui facere eum et rerum. Maxime cum minima dolor dignissimos omnis placeat. Illo sed necessitatibus excepturi quas atque sunt omnis dolorum. Soluta consequatur pariatur delectus quidem voluptatem.', 'ut'),
		(2, 6, 'Ut culpa vel nihil quis beatae. Aliquam qui repellendus explicabo soluta facilis sint in. Ut et ut ut delectus aut.', 'perferendis'),
		(2, 8, 'Est nulla et dolor qui quia. Ea vero molestiae odit nesciunt molestiae dolores pariatur magnam. Laudantium enim eos numquam et quos quam sed. Recusandae quasi rerum amet id esse.', 'laboriosam'),
		(2, 10, 'Provident qui ea consectetur maiores. Voluptatum laudantium autem temporibus laudantium odit nam et. Vero optio iusto deserunt iste rem sunt et harum. Corporis repellendus pariatur consequatur minima quo officia consequatur quasi.', 'suscipit'),
		(2, 12, 'Minus dignissimos voluptatem accusantium non facere esse hic. Dolore voluptas minima amet excepturi dolor perferendis. Aut magnam modi totam non optio eos. Non numquam cum et sed.', 'dolor'),
		(2, 14, 'Blanditiis qui nemo et in aut dolor. Enim totam dicta excepturi. Provident quidem ut eligendi aliquid esse corporis voluptatem necessitatibus.', 'quo'),
		(2, 16, 'In nihil perferendis non laborum saepe non pariatur. In et adipisci quaerat est earum est quo.', 'expedita'),
		(2, 18, 'Maxime expedita dolor et commodi et maiores. Ratione consectetur dolor ipsam commodi quia voluptates. Exercitationem itaque reiciendis placeat totam quia quod.', 'sit'),
		(2, 20, 'Officia quam earum porro dignissimos. Neque quam nobis quas vel blanditiis sit fugit. Debitis est et atque iure esse. Officia nam dolorum atque cum cupiditate ea.', 'sapiente'),
		(3, 2, 'Sed dolorem dolore ea. Aspernatur dolor nam ullam similique qui. Sunt commodi aperiam ea voluptatum sit reprehenderit in.', 'ipsa'),
		(3, 4, 'Ut est aliquam placeat omnis qui. Neque beatae non dolorum deleniti iste. Delectus quas omnis est qui harum.', 'voluptate'),
		(3, 6, 'Voluptatum doloribus quasi quae et dolores et. Ut quia sit fugit porro.', 'accusantium'),
		(3, 6, 'Reprehenderit nobis blanditiis cum et officia. Consequatur fuga unde similique possimus. Qui non aut quaerat maiores. Nisi recusandae pariatur aut harum corrupti.', 'possimus'),
		(3, 8, 'Minima quam maxime illum beatae rerum debitis. Omnis dolor et et nihil atque ut explicabo tempora. Doloribus nemo dolor delectus sunt. Enim laudantium a non eligendi ut aperiam.', 'eius'),
		(3, 2, 'Ut velit consequuntur molestias illum. Esse numquam eius tenetur esse vero vel dolorem. Ut expedita iure sit. Tempora omnis provident ut ab aut.', 'id'),
		(3, 8, 'Neque omnis laboriosam dolores fugit. Esse totam et quia. Ut sit quo incidunt quae aperiam expedita minima.', 'qui'),
		(3, 10, 'Excepturi non qui qui deleniti dolorem rerum minima. Maiores repellendus molestiae dignissimos aut molestiae ea delectus.', 'deleniti'),
		(3, 12, 'Quia ex voluptatibus nesciunt. Cumque dolore dolore quia veritatis. In et facilis dignissimos eum ut officia qui. Voluptatem consequuntur esse omnis accusamus asperiores qui.', 'reiciendis'),
		(3, 14, 'Qui aut nostrum aliquid et. Dolorem dolor impedit reiciendis. Eos at rerum veniam hic neque. Id reiciendis voluptate illum magni.', 'dolores'),
		(3, 16, 'Facilis est quia eius optio est sit ea. Est quidem deleniti et eaque earum numquam. Illum voluptates eligendi hic temporibus.', 'aliquam'),
		(3, 16, 'Dicta deserunt nisi error animi repudiandae eveniet. Quia est laudantium facilis eum repellat eveniet et. Quo eos facilis eligendi et nesciunt soluta. Illo non sed enim dicta. Quos suscipit molestiae optio quia et.', 'corporis'),
		(3, 18, 'Ipsa explicabo sit nesciunt maiores praesentium nesciunt quia. Et numquam nisi qui sequi suscipit numquam itaque molestiae. Quo et impedit deleniti.', 'incidunt'),
		(3, 20, 'Voluptates totam hic amet accusamus molestias enim sed. Natus molestias et sunt. Tempore corrupti id aut non laborum adipisci.', 'est'),
		(3, 2, 'Praesentium enim blanditiis illo aut sequi voluptatem in. Dolorem inventore nesciunt quasi ipsam quisquam sequi voluptates quas. Consequatur a quasi laudantium consequatur.', 'voluptates'),
		(3, 4, 'Quasi aliquam enim dolor in sunt error. Et voluptatem voluptas impedit mollitia nihil. Et amet ducimus in aliquam voluptate. Sequi sint ut corporis ut explicabo.', 'consequuntur'),
		(3, 6, 'Pariatur hic quia non saepe pariatur. Molestiae dolores modi labore officia vel aperiam iure minima. Ut a excepturi fugit minus.', 'sunt'),
		(3, 8, 'Est mollitia sit veniam distinctio possimus incidunt doloremque. Eos pariatur odio atque eum id explicabo et. Harum totam quia eius libero soluta enim. Laudantium libero et aut.', 'dicta'),
		(3, 10, 'Sit omnis illo inventore minima. Sequi tempora impedit quia ex et sit. Ea quas nobis ullam aperiam recusandae consequuntur eveniet.', 'voluptas'),
		(3, 12, 'Unde ut rerum molestias quia quis necessitatibus unde et. Repellendus adipisci officia cupiditate sit et eaque voluptas. Nam laborum vel minima nesciunt consequatur. Impedit quidem commodi quis vel est. Non omnis vero et sequi rerum.', 'nam'),
		(3, 14, 'Et atque deleniti nulla accusamus vitae assumenda. Et eveniet est maiores voluptatem animi repellat. Alias tenetur corporis aut ipsam sit.', 'inventore'),
		(4, 11, 'Consectetur pariatur voluptatem quia quibusdam. Deserunt ea vero illo est non rerum sed. Consequatur minus consequatur doloremque ullam nesciunt ut. Amet autem qui architecto asperiores rerum aspernatur eos non. Aut quibusdam rerum reprehenderit aliquam.', 'atque'),
		(4, 13, 'Atque quia occaecati occaecati architecto. Voluptatem quaerat repellat qui quas animi aut fugiat quia. Et magni voluptas architecto numquam et accusantium. Tempore et rerum ducimus assumenda.', 'eligendi'),
		(4, 2, 'Ut ut saepe est vero dolor blanditiis inventore hic. Tempore est ullam ut ab sequi rem. Eaque occaecati illum iste tempore atque blanditiis unde. Exercitationem ut est perspiciatis dolores voluptatibus.', 'reprehenderit'),
		(4, 6, 'Possimus rerum placeat fugiat aspernatur aspernatur et est deserunt. Cupiditate omnis nemo nemo. Molestiae corporis consequuntur fuga odio quidem. Cupiditate sed a ipsam consequuntur.', 'officia'),
		(4, 5, 'Praesentium blanditiis quia voluptas aut. Rerum nam natus qui est distinctio occaecati ipsa rerum. Accusantium enim doloribus voluptatem asperiores ea cupiditate dolores. Sed qui perspiciatis fugit eum nihil sit aperiam itaque. Eaque expedita sit aut quo molestiae enim recusandae.', 'dignissimos'),
		(4, 4, 'Non non labore vel maiores. Et aut vero similique aliquam.', 'numquam'),
		(4, 2, 'Ullam quo quia sit impedit ut quam et. Quis iusto exercitationem tempore. Enim et rerum sequi nemo quidem qui error.', 'praesentium'),
		(4, 1, 'Ducimus facilis eos temporibus quo qui eum fugiat laborum. Ad nobis deleniti quia voluptatem sint explicabo quaerat accusamus. Sed voluptate et excepturi sint maxime cumque sit. Provident sit est facilis sed quos.', 'explicabo'),
		(4, 1, 'A nesciunt tempora necessitatibus et aut. Sint quia laborum ut fuga cum sint aliquam. Ut est neque explicabo saepe doloribus consequuntur voluptas minus.', 'facilis'),
		(4, 3, 'Nobis nemo inventore eligendi aperiam porro eum sint. Quibusdam qui velit aut alias perspiciatis recusandae saepe. Illum voluptas omnis cumque et.', 'rerum'),
		(4, 2, 'Voluptatem id nisi eum unde. Laborum et rem tempore at voluptatem voluptatem qui. Atque inventore neque ut ut dolore sint.','enim');

INSERT wishlist(user_id, apartments_id, name)
	VALUES
		('19', '5', 'dolorem'),
		('3', '15', 'aut'),
		('3', '12', 'et'),
		('19', '12', 'sit'),
		('6', '17', 'ut'),
		('10', '3', 'quibusdam'),
		('1', '9', 'sed'),
		('11', '4', 'labore'),
		('11', '12', 'eos'),
		('12', '13', 'est'),
		('19', '8', 'recusandae'),
		('6', '14', 'quis'),
		('13', '12', 'quas'),
		('10', '14', 'a'),
		('4', '16', 'quibusdam'),
		('6', '10', 'omnis'),
		('4', '19', 'dicta'),
		('8', '15', 'magnam'),
		('2', '11', 'voluptate'),
		('20', '12', 'adipisci');
	
INSERT messages(from_user_id, to_user_id, message_text, created_at)
	VALUES	
		('7', '2', 'Voluptas consequatur sit illum repudiandae dolore quia. Dolor aut dignissimos vel magnam aspernatur qui. Odio et nihil et.', '2012-04-04 13:48:01'),
		('15', '16', 'Repellat inventore aut est sed possimus est modi. Omnis error porro earum aliquam consectetur. Sit facere ipsam mollitia.', '1984-09-16 01:43:27'),
		('4', '18', 'Adipisci earum nesciunt repudiandae possimus eligendi maxime mollitia tempora. Placeat quo nobis ut consequatur sint ea minima id. Temporibus et aspernatur rerum libero dolorum aut.', '2005-02-11 00:35:08'),
		('18', '3', 'Facere totam tempora ea eum maiores nobis. Quia qui veritatis repellat doloremque. Rerum sed et sit sapiente aut.', '1986-03-25 20:20:39'),
		('3', '16', 'Illum animi dicta eos itaque. Quibusdam quis non enim. Saepe rem tenetur quo consequatur mollitia. Ut quia eos dolore sunt deserunt saepe aut.', '2005-02-18 16:57:17'),
		('3', '8', 'Facere eum et nemo consectetur. Sequi molestiae voluptas deserunt molestiae accusantium quibusdam qui. Nihil doloribus ea esse aperiam recusandae quia est a. Eius quod quam dolorem inventore voluptates.', '1974-03-01 14:14:33'),
		('13', '15', 'Veritatis expedita excepturi eum incidunt. Eum ut nemo velit harum. Sed quibusdam aut est in delectus. Maiores esse impedit nihil eaque pariatur hic facilis consectetur.', '1973-11-05 17:24:33'),
		('6', '15', 'Culpa voluptatibus ut labore natus distinctio non eligendi accusamus. In et et dignissimos rem et et.', '2004-01-08 08:32:40'),
		('5', '17', 'Accusantium est et sequi in dolor vero eius. Iusto et totam porro excepturi. Qui et error dicta explicabo ut quia. Dolorum et voluptate est occaecati amet voluptas incidunt.', '1999-06-30 02:46:31'),
		('3', '20', 'Reprehenderit tempora molestiae ut. Est sapiente rem ea rerum et. Error iste ut fugit.', '2013-08-25 21:46:39'),
		('17', '7', 'Neque dolorem repudiandae suscipit voluptas voluptatem. Dolorem quo aperiam quia quia rerum iure. Iusto et consequatur magnam enim quo soluta. Autem et occaecati sint odit possimus iure quis.', '1977-07-23 11:16:37'),
		('6', '20', 'Fugit facilis eos suscipit qui praesentium voluptatem earum. Temporibus laboriosam ut omnis neque. Est facilis maxime iusto soluta et rem. Expedita quia minus et ut dolorum.', '2002-09-28 09:39:28'),
		('20', '3', 'Asperiores natus sint sit voluptate cum ea porro. Deserunt voluptatibus beatae doloremque qui. Eos a tempora consequatur mollitia incidunt unde. Voluptatem consequatur accusamus et ipsam sint.', '1997-11-16 06:44:18'),
		('11', '16', 'Voluptatum alias debitis libero voluptatem totam. Minima blanditiis veniam amet aut. Aspernatur omnis hic cumque suscipit consequatur aliquam libero.', '2013-10-08 16:29:33'),
		('8', '10', 'Autem laudantium error et quo delectus dolores rerum. Iure dolorum aliquid aut blanditiis velit impedit nulla.', '2014-12-09 04:58:40'),
		('16', '14', 'Natus suscipit atque earum eos occaecati ut et. Sed dicta explicabo aperiam qui. Ut qui et sed sequi voluptas dolores beatae.', '2017-06-21 04:28:20'),
		('6', '3', 'Eveniet recusandae aperiam consequuntur quisquam aspernatur. Aspernatur impedit ut voluptatem adipisci. Quae quibusdam sit magni repellat commodi fugit illo. Nulla corporis rerum cupiditate blanditiis id voluptates reiciendis.', '2015-10-16 06:22:24'),
		('17', '10', 'At inventore alias quo. Hic numquam non voluptas minus molestias. Aut inventore consequatur cumque. Explicabo commodi ipsa illo.', '1976-08-16 02:50:33'),
		('18', '2', 'Impedit doloremque explicabo expedita deserunt minus. Exercitationem assumenda at corporis qui magni laborum reprehenderit. Quo eos ut sed. Consequatur omnis voluptate numquam omnis sapiente ducimus. Animi similique velit quia quisquam ut.', '2003-12-02 11:07:23'),
		('11', '16', 'Tempora voluptas natus recusandae id fugiat mollitia minima. Magnam velit ullam quis ut nihil temporibus quam. Eius porro placeat quia rerum.', '1989-03-18 03:49:15');

INSERT experiences(organizer_id, city_id, date_of_exp, name, description, exp_type, price)
	VALUES
		('19', '20', '1993-01-05', 'et', 'Repellendus ad iusto placeat. Dolorem consequatur natus voluptate qui provident. Error natus nisi voluptatem aspernatur aut amet aspernatur. Harum qui unde et odit et.', 'sports', 1000),
		('1', '3', '1987-09-28', 'consequatur', 'Aut id eaque ut similique vitae aperiam. Reprehenderit eum rerum non. Sit et voluptate itaque et et. Nulla est natus sed inventore aspernatur.', 'sports', 2000),
		('17', '21', '2006-07-16', 'illum', 'Ut eligendi quo explicabo aperiam. Quam non ipsa qui. Consectetur vel blanditiis consequatur. Ut ut quia facilis dolorem nesciunt illum mollitia veniam.', 'tours', 700),
		('11', '25', '1991-04-06', 'esse', 'Harum dolores quod iusto quis. Dolor quis non non ut voluptatum autem. Inventore et aut a aliquam. Et dolores a odit velit. Quis consequatur ea corrupti voluptatem odit iure hic autem.', 'sports', 2300),
		('9', '21', '1973-01-30', 'quisquam', 'Qui molestiae tempore et. Autem aut vel eos aliquam. Quisquam consequatur tenetur eum corrupti. Consequatur consequatur sequi cum et.', 'nature & outdoors', 1950),
		('9', '2', '1984-04-24', 'sit', 'Et molestiae placeat libero perferendis laudantium aut ea. Hic necessitatibus ullam voluptate accusantium illo. Repellat voluptatem quidem et harum. Praesentium et sint aut ut.', 'sports', 1200),
		('3', '30', '1999-03-20', 'rem', 'Voluptas ut amet occaecati ut. Rerum saepe atque in qui consectetur consequatur magnam. Eveniet delectus inventore nulla qui impedit dolore reprehenderit ducimus. Necessitatibus cupiditate non id voluptatem quo.', 'wellness', 4000),
		('6', '19', '2021-12-09', 'ut', 'Fuga quidem quam et quia nulla temporibus. Optio sunt quam maiores. Est nesciunt vel fuga et deleniti. Est eum voluptatem velit et natus molestias.', 'sports', 450),
		('19', '24', '2021-04-02', 'qui', 'Dolorem rem at accusamus voluptatem. Vel modi non deserunt itaque sint esse sit. Consequatur nisi sed ut. Eos perferendis qui maiores aut perspiciatis eligendi.', 'sports', 1100),
		('9', '29', '2011-10-13', 'iste', 'Maiores dignissimos consequatur sunt provident molestiae sequi ab. Voluptas quos quos et odio voluptatem iste sint reprehenderit. Commodi iusto sunt esse nemo mollitia accusantium asperiores. Aliquam sed quasi nostrum et eaque vero tempora. Laudantium nihil qui dolores ducimus ut.', 'nature & outdoors', 2350);
	
INSERT articles(name, body, photo_id, author_id)
	VALUES
		('quia', 'Vitae aspernatur vero voluptatem id consequatur eos sunt. In vero quia officiis in. Atque porro commodi cumque consequuntur et molestias laboriosam voluptas. Recusandae eum illum sequi.', '56', '11'),
		('atque', 'Sunt quisquam unde quae voluptatem dicta deserunt. Nemo officiis est nostrum ratione laborum qui doloremque ad. Praesentium est tempore tempora est doloremque deserunt nesciunt.', '54', '1'),
		('quibusdam', 'Architecto omnis et dignissimos vitae eius molestiae harum. Impedit dicta quo eius nam aliquam accusamus consequatur. Harum quae voluptatibus facilis.', '59', '11'),
		('repellat', 'Suscipit non fugit laboriosam quis qui laboriosam officiis. Sit veniam qui accusamus quia sequi velit. Non exercitationem sit optio vitae pariatur. Sed vitae dolorem blanditiis aut velit illum ut minima.', '57', '4'),
		('similique', 'Consequatur reiciendis voluptatum tenetur voluptatem id. Cum non et voluptates expedita.', '60', '2'),
		('ab', 'Hic tenetur quos quae. Neque inventore ad deleniti minima veniam cupiditate. Eaque saepe vel omnis natus labore.', '55', '2'),
		('minima', 'Culpa deserunt rerum et ex autem et. Reprehenderit natus deserunt voluptatem tempora id commodi eius. Doloribus occaecati dolorem et ut quia quis temporibus.', '58', '5'),
		('autem', 'Animi eos qui sint tempora. Atque autem harum quia officia recusandae. Pariatur et excepturi rerum libero ut. Esse voluptatem voluptate ex vero delectus.', '61', '13'),
		('et', 'In omnis velit provident ea occaecati enim ullam. Et qui molestiae dolores rem. Hic fugiat ut nihil laboriosam vero tempore.', '62', '6'),
		('nulla', 'Adipisci et molestias deleniti molestiae earum ipsum vero. Nesciunt quasi dolores laborum aliquid deserunt asperiores adipisci.', '53', '11');
	
SET foreign_key_checks = 1;


